{
  "errors": [],
  "generated_at": "2025-05-29T20:57:39Z",
  "metrics": {
    "_totals": {
      "CONFIDENCE.HIGH": 38,
      "CONFIDENCE.LOW": 0,
      "CONFIDENCE.MEDIUM": 1,
      "CONFIDENCE.UNDEFINED": 0,
      "SEVERITY.HIGH": 0,
      "SEVERITY.LOW": 38,
      "SEVERITY.MEDIUM": 1,
      "SEVERITY.UNDEFINED": 0,
      "loc": 2785,
      "nosec": 0,
      "skipped_tests": 0
    },
    "backend/app/__init__.py": {
      "CONFIDENCE.HIGH": 0,
      "CONFIDENCE.LOW": 0,
      "CONFIDENCE.MEDIUM": 0,
      "CONFIDENCE.UNDEFINED": 0,
      "SEVERITY.HIGH": 0,
      "SEVERITY.LOW": 0,
      "SEVERITY.MEDIUM": 0,
      "SEVERITY.UNDEFINED": 0,
      "loc": 0,
      "nosec": 0,
      "skipped_tests": 0
    },
    "backend/app/analytics/__init__.py": {
      "CONFIDENCE.HIGH": 0,
      "CONFIDENCE.LOW": 0,
      "CONFIDENCE.MEDIUM": 0,
      "CONFIDENCE.UNDEFINED": 0,
      "SEVERITY.HIGH": 0,
      "SEVERITY.LOW": 0,
      "SEVERITY.MEDIUM": 0,
      "SEVERITY.UNDEFINED": 0,
      "loc": 6,
      "nosec": 0,
      "skipped_tests": 0
    },
    "backend/app/analytics/insights_engine.py": {
      "CONFIDENCE.HIGH": 0,
      "CONFIDENCE.LOW": 0,
      "CONFIDENCE.MEDIUM": 0,
      "CONFIDENCE.UNDEFINED": 0,
      "SEVERITY.HIGH": 0,
      "SEVERITY.LOW": 0,
      "SEVERITY.MEDIUM": 0,
      "SEVERITY.UNDEFINED": 0,
      "loc": 371,
      "nosec": 0,
      "skipped_tests": 0
    },
    "backend/app/api/__init__.py": {
      "CONFIDENCE.HIGH": 0,
      "CONFIDENCE.LOW": 0,
      "CONFIDENCE.MEDIUM": 0,
      "CONFIDENCE.UNDEFINED": 0,
      "SEVERITY.HIGH": 0,
      "SEVERITY.LOW": 0,
      "SEVERITY.MEDIUM": 0,
      "SEVERITY.UNDEFINED": 0,
      "loc": 0,
      "nosec": 0,
      "skipped_tests": 0
    },
    "backend/app/api/endpoints/__init__.py": {
      "CONFIDENCE.HIGH": 0,
      "CONFIDENCE.LOW": 0,
      "CONFIDENCE.MEDIUM": 0,
      "CONFIDENCE.UNDEFINED": 0,
      "SEVERITY.HIGH": 0,
      "SEVERITY.LOW": 0,
      "SEVERITY.MEDIUM": 0,
      "SEVERITY.UNDEFINED": 0,
      "loc": 0,
      "nosec": 0,
      "skipped_tests": 0
    },
    "backend/app/api/endpoints/analytics.py": {
      "CONFIDENCE.HIGH": 0,
      "CONFIDENCE.LOW": 0,
      "CONFIDENCE.MEDIUM": 0,
      "CONFIDENCE.UNDEFINED": 0,
      "SEVERITY.HIGH": 0,
      "SEVERITY.LOW": 0,
      "SEVERITY.MEDIUM": 0,
      "SEVERITY.UNDEFINED": 0,
      "loc": 173,
      "nosec": 0,
      "skipped_tests": 0
    },
    "backend/app/api/endpoints/analytics_mock.py": {
      "CONFIDENCE.HIGH": 0,
      "CONFIDENCE.LOW": 0,
      "CONFIDENCE.MEDIUM": 0,
      "CONFIDENCE.UNDEFINED": 0,
      "SEVERITY.HIGH": 0,
      "SEVERITY.LOW": 0,
      "SEVERITY.MEDIUM": 0,
      "SEVERITY.UNDEFINED": 0,
      "loc": 58,
      "nosec": 0,
      "skipped_tests": 0
    },
    "backend/app/api/endpoints/auth.py": {
      "CONFIDENCE.HIGH": 0,
      "CONFIDENCE.LOW": 0,
      "CONFIDENCE.MEDIUM": 0,
      "CONFIDENCE.UNDEFINED": 0,
      "SEVERITY.HIGH": 0,
      "SEVERITY.LOW": 0,
      "SEVERITY.MEDIUM": 0,
      "SEVERITY.UNDEFINED": 0,
      "loc": 204,
      "nosec": 0,
      "skipped_tests": 0
    },
    "backend/app/api/endpoints/cpap_data.py": {
      "CONFIDENCE.HIGH": 0,
      "CONFIDENCE.LOW": 0,
      "CONFIDENCE.MEDIUM": 0,
      "CONFIDENCE.UNDEFINED": 0,
      "SEVERITY.HIGH": 0,
      "SEVERITY.LOW": 0,
      "SEVERITY.MEDIUM": 0,
      "SEVERITY.UNDEFINED": 0,
      "loc": 115,
      "nosec": 0,
      "skipped_tests": 0
    },
    "backend/app/api/endpoints/sessions.py": {
      "CONFIDENCE.HIGH": 18,
      "CONFIDENCE.LOW": 0,
      "CONFIDENCE.MEDIUM": 0,
      "CONFIDENCE.UNDEFINED": 0,
      "SEVERITY.HIGH": 0,
      "SEVERITY.LOW": 18,
      "SEVERITY.MEDIUM": 0,
      "SEVERITY.UNDEFINED": 0,
      "loc": 101,
      "nosec": 0,
      "skipped_tests": 0
    },
    "backend/app/api/endpoints/sessions_OLD.py": {
      "CONFIDENCE.HIGH": 0,
      "CONFIDENCE.LOW": 0,
      "CONFIDENCE.MEDIUM": 0,
      "CONFIDENCE.UNDEFINED": 0,
      "SEVERITY.HIGH": 0,
      "SEVERITY.LOW": 0,
      "SEVERITY.MEDIUM": 0,
      "SEVERITY.UNDEFINED": 0,
      "loc": 86,
      "nosec": 0,
      "skipped_tests": 0
    },
    "backend/app/api/endpoints/sessions_backup.py": {
      "CONFIDENCE.HIGH": 0,
      "CONFIDENCE.LOW": 0,
      "CONFIDENCE.MEDIUM": 0,
      "CONFIDENCE.UNDEFINED": 0,
      "SEVERITY.HIGH": 0,
      "SEVERITY.LOW": 0,
      "SEVERITY.MEDIUM": 0,
      "SEVERITY.UNDEFINED": 0,
      "loc": 78,
      "nosec": 0,
      "skipped_tests": 0
    },
    "backend/app/api/endpoints/sessions_backup_working.py": {
      "CONFIDENCE.HIGH": 0,
      "CONFIDENCE.LOW": 0,
      "CONFIDENCE.MEDIUM": 0,
      "CONFIDENCE.UNDEFINED": 0,
      "SEVERITY.HIGH": 0,
      "SEVERITY.LOW": 0,
      "SEVERITY.MEDIUM": 0,
      "SEVERITY.UNDEFINED": 0,
      "loc": 86,
      "nosec": 0,
      "skipped_tests": 0
    },
    "backend/app/api/endpoints/sessions_fixed.py": {
      "CONFIDENCE.HIGH": 0,
      "CONFIDENCE.LOW": 0,
      "CONFIDENCE.MEDIUM": 0,
      "CONFIDENCE.UNDEFINED": 0,
      "SEVERITY.HIGH": 0,
      "SEVERITY.LOW": 0,
      "SEVERITY.MEDIUM": 0,
      "SEVERITY.UNDEFINED": 0,
      "loc": 80,
      "nosec": 0,
      "skipped_tests": 0
    },
    "backend/app/api/endpoints/sessions_mock.py": {
      "CONFIDENCE.HIGH": 9,
      "CONFIDENCE.LOW": 0,
      "CONFIDENCE.MEDIUM": 0,
      "CONFIDENCE.UNDEFINED": 0,
      "SEVERITY.HIGH": 0,
      "SEVERITY.LOW": 9,
      "SEVERITY.MEDIUM": 0,
      "SEVERITY.UNDEFINED": 0,
      "loc": 65,
      "nosec": 0,
      "skipped_tests": 0
    },
    "backend/app/api/endpoints/sessions_simple_OLD.py": {
      "CONFIDENCE.HIGH": 0,
      "CONFIDENCE.LOW": 0,
      "CONFIDENCE.MEDIUM": 0,
      "CONFIDENCE.UNDEFINED": 0,
      "SEVERITY.HIGH": 0,
      "SEVERITY.LOW": 0,
      "SEVERITY.MEDIUM": 0,
      "SEVERITY.UNDEFINED": 0,
      "loc": 86,
      "nosec": 0,
      "skipped_tests": 0
    },
    "backend/app/api/endpoints/upload.py": {
      "CONFIDENCE.HIGH": 0,
      "CONFIDENCE.LOW": 0,
      "CONFIDENCE.MEDIUM": 0,
      "CONFIDENCE.UNDEFINED": 0,
      "SEVERITY.HIGH": 0,
      "SEVERITY.LOW": 0,
      "SEVERITY.MEDIUM": 0,
      "SEVERITY.UNDEFINED": 0,
      "loc": 191,
      "nosec": 0,
      "skipped_tests": 0
    },
    "backend/app/api/endpoints/users.py": {
      "CONFIDENCE.HIGH": 0,
      "CONFIDENCE.LOW": 0,
      "CONFIDENCE.MEDIUM": 0,
      "CONFIDENCE.UNDEFINED": 0,
      "SEVERITY.HIGH": 0,
      "SEVERITY.LOW": 0,
      "SEVERITY.MEDIUM": 0,
      "SEVERITY.UNDEFINED": 0,
      "loc": 218,
      "nosec": 0,
      "skipped_tests": 0
    },
    "backend/app/api/routes.py": {
      "CONFIDENCE.HIGH": 0,
      "CONFIDENCE.LOW": 0,
      "CONFIDENCE.MEDIUM": 0,
      "CONFIDENCE.UNDEFINED": 0,
      "SEVERITY.HIGH": 0,
      "SEVERITY.LOW": 0,
      "SEVERITY.MEDIUM": 0,
      "SEVERITY.UNDEFINED": 0,
      "loc": 64,
      "nosec": 0,
      "skipped_tests": 0
    },
    "backend/app/core/__init__.py": {
      "CONFIDENCE.HIGH": 0,
      "CONFIDENCE.LOW": 0,
      "CONFIDENCE.MEDIUM": 0,
      "CONFIDENCE.UNDEFINED": 0,
      "SEVERITY.HIGH": 0,
      "SEVERITY.LOW": 0,
      "SEVERITY.MEDIUM": 0,
      "SEVERITY.UNDEFINED": 0,
      "loc": 0,
      "nosec": 0,
      "skipped_tests": 0
    },
    "backend/app/core/config.py": {
      "CONFIDENCE.HIGH": 0,
      "CONFIDENCE.LOW": 0,
      "CONFIDENCE.MEDIUM": 0,
      "CONFIDENCE.UNDEFINED": 0,
      "SEVERITY.HIGH": 0,
      "SEVERITY.LOW": 0,
      "SEVERITY.MEDIUM": 0,
      "SEVERITY.UNDEFINED": 0,
      "loc": 33,
      "nosec": 0,
      "skipped_tests": 0
    },
    "backend/app/core/database.py": {
      "CONFIDENCE.HIGH": 0,
      "CONFIDENCE.LOW": 0,
      "CONFIDENCE.MEDIUM": 0,
      "CONFIDENCE.UNDEFINED": 0,
      "SEVERITY.HIGH": 0,
      "SEVERITY.LOW": 0,
      "SEVERITY.MEDIUM": 0,
      "SEVERITY.UNDEFINED": 0,
      "loc": 31,
      "nosec": 0,
      "skipped_tests": 0
    },
    "backend/app/core/security.py": {
      "CONFIDENCE.HIGH": 0,
      "CONFIDENCE.LOW": 0,
      "CONFIDENCE.MEDIUM": 0,
      "CONFIDENCE.UNDEFINED": 0,
      "SEVERITY.HIGH": 0,
      "SEVERITY.LOW": 0,
      "SEVERITY.MEDIUM": 0,
      "SEVERITY.UNDEFINED": 0,
      "loc": 120,
      "nosec": 0,
      "skipped_tests": 0
    },
    "backend/app/init_db.py": {
      "CONFIDENCE.HIGH": 11,
      "CONFIDENCE.LOW": 0,
      "CONFIDENCE.MEDIUM": 0,
      "CONFIDENCE.UNDEFINED": 0,
      "SEVERITY.HIGH": 0,
      "SEVERITY.LOW": 11,
      "SEVERITY.MEDIUM": 0,
      "SEVERITY.UNDEFINED": 0,
      "loc": 96,
      "nosec": 0,
      "skipped_tests": 0
    },
    "backend/app/main.py": {
      "CONFIDENCE.HIGH": 0,
      "CONFIDENCE.LOW": 0,
      "CONFIDENCE.MEDIUM": 1,
      "CONFIDENCE.UNDEFINED": 0,
      "SEVERITY.HIGH": 0,
      "SEVERITY.LOW": 0,
      "SEVERITY.MEDIUM": 1,
      "SEVERITY.UNDEFINED": 0,
      "loc": 65,
      "nosec": 0,
      "skipped_tests": 0
    },
    "backend/app/models/__init__.py": {
      "CONFIDENCE.HIGH": 0,
      "CONFIDENCE.LOW": 0,
      "CONFIDENCE.MEDIUM": 0,
      "CONFIDENCE.UNDEFINED": 0,
      "SEVERITY.HIGH": 0,
      "SEVERITY.LOW": 0,
      "SEVERITY.MEDIUM": 0,
      "SEVERITY.UNDEFINED": 0,
      "loc": 8,
      "nosec": 0,
      "skipped_tests": 0
    },
    "backend/app/models/device.py": {
      "CONFIDENCE.HIGH": 0,
      "CONFIDENCE.LOW": 0,
      "CONFIDENCE.MEDIUM": 0,
      "CONFIDENCE.UNDEFINED": 0,
      "SEVERITY.HIGH": 0,
      "SEVERITY.LOW": 0,
      "SEVERITY.MEDIUM": 0,
      "SEVERITY.UNDEFINED": 0,
      "loc": 50,
      "nosec": 0,
      "skipped_tests": 0
    },
    "backend/app/models/session.py": {
      "CONFIDENCE.HIGH": 0,
      "CONFIDENCE.LOW": 0,
      "CONFIDENCE.MEDIUM": 0,
      "CONFIDENCE.UNDEFINED": 0,
      "SEVERITY.HIGH": 0,
      "SEVERITY.LOW": 0,
      "SEVERITY.MEDIUM": 0,
      "SEVERITY.UNDEFINED": 0,
      "loc": 104,
      "nosec": 0,
      "skipped_tests": 0
    },
    "backend/app/models/user.py": {
      "CONFIDENCE.HIGH": 0,
      "CONFIDENCE.LOW": 0,
      "CONFIDENCE.MEDIUM": 0,
      "CONFIDENCE.UNDEFINED": 0,
      "SEVERITY.HIGH": 0,
      "SEVERITY.LOW": 0,
      "SEVERITY.MEDIUM": 0,
      "SEVERITY.UNDEFINED": 0,
      "loc": 47,
      "nosec": 0,
      "skipped_tests": 0
    },
    "backend/app/parsers/__init__.py": {
      "CONFIDENCE.HIGH": 0,
      "CONFIDENCE.LOW": 0,
      "CONFIDENCE.MEDIUM": 0,
      "CONFIDENCE.UNDEFINED": 0,
      "SEVERITY.HIGH": 0,
      "SEVERITY.LOW": 0,
      "SEVERITY.MEDIUM": 0,
      "SEVERITY.UNDEFINED": 0,
      "loc": 9,
      "nosec": 0,
      "skipped_tests": 0
    },
    "backend/app/parsers/resmed.py": {
      "CONFIDENCE.HIGH": 0,
      "CONFIDENCE.LOW": 0,
      "CONFIDENCE.MEDIUM": 0,
      "CONFIDENCE.UNDEFINED": 0,
      "SEVERITY.HIGH": 0,
      "SEVERITY.LOW": 0,
      "SEVERITY.MEDIUM": 0,
      "SEVERITY.UNDEFINED": 0,
      "loc": 240,
      "nosec": 0,
      "skipped_tests": 0
    }
  },
  "results": [
    {
      "code": "37         session_date = date.today() - timedelta(days=i)\n38         duration_hours = round(random.uniform(6.0, 9.0), 1)\n39         ahi = round(random.uniform(2.0, 8.0), 1)\n",
      "col_offset": 31,
      "end_col_offset": 55,
      "filename": "backend/app/api/endpoints/sessions.py",
      "issue_confidence": "HIGH",
      "issue_cwe": {
        "id": 330,
        "link": "https://cwe.mitre.org/data/definitions/330.html"
      },
      "issue_severity": "LOW",
      "issue_text": "Standard pseudo-random generators are not suitable for security/cryptographic purposes.",
      "line_number": 38,
      "line_range": [
        38
      ],
      "more_info": "https://bandit.readthedocs.io/en/1.8.3/blacklists/blacklist_calls.html#b311-random",
      "test_id": "B311",
      "test_name": "blacklist"
    },
    {
      "code": "38         duration_hours = round(random.uniform(6.0, 9.0), 1)\n39         ahi = round(random.uniform(2.0, 8.0), 1)\n40         quality_score = round(random.uniform(75.0, 95.0), 1)\n",
      "col_offset": 20,
      "end_col_offset": 44,
      "filename": "backend/app/api/endpoints/sessions.py",
      "issue_confidence": "HIGH",
      "issue_cwe": {
        "id": 330,
        "link": "https://cwe.mitre.org/data/definitions/330.html"
      },
      "issue_severity": "LOW",
      "issue_text": "Standard pseudo-random generators are not suitable for security/cryptographic purposes.",
      "line_number": 39,
      "line_range": [
        39
      ],
      "more_info": "https://bandit.readthedocs.io/en/1.8.3/blacklists/blacklist_calls.html#b311-random",
      "test_id": "B311",
      "test_name": "blacklist"
    },
    {
      "code": "39         ahi = round(random.uniform(2.0, 8.0), 1)\n40         quality_score = round(random.uniform(75.0, 95.0), 1)\n41         \n",
      "col_offset": 30,
      "end_col_offset": 56,
      "filename": "backend/app/api/endpoints/sessions.py",
      "issue_confidence": "HIGH",
      "issue_cwe": {
        "id": 330,
        "link": "https://cwe.mitre.org/data/definitions/330.html"
      },
      "issue_severity": "LOW",
      "issue_text": "Standard pseudo-random generators are not suitable for security/cryptographic purposes.",
      "line_number": 40,
      "line_range": [
        40
      ],
      "more_info": "https://bandit.readthedocs.io/en/1.8.3/blacklists/blacklist_calls.html#b311-random",
      "test_id": "B311",
      "test_name": "blacklist"
    },
    {
      "code": "47             'ahi': ahi,\n48             'mask_leak': round(random.uniform(0.5, 15.0), 1),\n49             'pressure_avg': round(random.uniform(10.0, 15.0), 1),\n",
      "col_offset": 31,
      "end_col_offset": 56,
      "filename": "backend/app/api/endpoints/sessions.py",
      "issue_confidence": "HIGH",
      "issue_cwe": {
        "id": 330,
        "link": "https://cwe.mitre.org/data/definitions/330.html"
      },
      "issue_severity": "LOW",
      "issue_text": "Standard pseudo-random generators are not suitable for security/cryptographic purposes.",
      "line_number": 48,
      "line_range": [
        48
      ],
      "more_info": "https://bandit.readthedocs.io/en/1.8.3/blacklists/blacklist_calls.html#b311-random",
      "test_id": "B311",
      "test_name": "blacklist"
    },
    {
      "code": "48             'mask_leak': round(random.uniform(0.5, 15.0), 1),\n49             'pressure_avg': round(random.uniform(10.0, 15.0), 1),\n50             'pressure_95': round(random.uniform(12.0, 17.0), 1),\n",
      "col_offset": 34,
      "end_col_offset": 60,
      "filename": "backend/app/api/endpoints/sessions.py",
      "issue_confidence": "HIGH",
      "issue_cwe": {
        "id": 330,
        "link": "https://cwe.mitre.org/data/definitions/330.html"
      },
      "issue_severity": "LOW",
      "issue_text": "Standard pseudo-random generators are not suitable for security/cryptographic purposes.",
      "line_number": 49,
      "line_range": [
        49
      ],
      "more_info": "https://bandit.readthedocs.io/en/1.8.3/blacklists/blacklist_calls.html#b311-random",
      "test_id": "B311",
      "test_name": "blacklist"
    },
    {
      "code": "49             'pressure_avg': round(random.uniform(10.0, 15.0), 1),\n50             'pressure_95': round(random.uniform(12.0, 17.0), 1),\n51             'quality_score': quality_score,\n",
      "col_offset": 33,
      "end_col_offset": 59,
      "filename": "backend/app/api/endpoints/sessions.py",
      "issue_confidence": "HIGH",
      "issue_cwe": {
        "id": 330,
        "link": "https://cwe.mitre.org/data/definitions/330.html"
      },
      "issue_severity": "LOW",
      "issue_text": "Standard pseudo-random generators are not suitable for security/cryptographic purposes.",
      "line_number": 50,
      "line_range": [
        50
      ],
      "more_info": "https://bandit.readthedocs.io/en/1.8.3/blacklists/blacklist_calls.html#b311-random",
      "test_id": "B311",
      "test_name": "blacklist"
    },
    {
      "code": "51             'quality_score': quality_score,\n52             'central_apneas': random.randint(0, 5),\n53             'obstructive_apneas': random.randint(0, 10),\n",
      "col_offset": 30,
      "end_col_offset": 50,
      "filename": "backend/app/api/endpoints/sessions.py",
      "issue_confidence": "HIGH",
      "issue_cwe": {
        "id": 330,
        "link": "https://cwe.mitre.org/data/definitions/330.html"
      },
      "issue_severity": "LOW",
      "issue_text": "Standard pseudo-random generators are not suitable for security/cryptographic purposes.",
      "line_number": 52,
      "line_range": [
        52
      ],
      "more_info": "https://bandit.readthedocs.io/en/1.8.3/blacklists/blacklist_calls.html#b311-random",
      "test_id": "B311",
      "test_name": "blacklist"
    },
    {
      "code": "52             'central_apneas': random.randint(0, 5),\n53             'obstructive_apneas': random.randint(0, 10),\n54             'hypopneas': random.randint(0, 15),\n",
      "col_offset": 34,
      "end_col_offset": 55,
      "filename": "backend/app/api/endpoints/sessions.py",
      "issue_confidence": "HIGH",
      "issue_cwe": {
        "id": 330,
        "link": "https://cwe.mitre.org/data/definitions/330.html"
      },
      "issue_severity": "LOW",
      "issue_text": "Standard pseudo-random generators are not suitable for security/cryptographic purposes.",
      "line_number": 53,
      "line_range": [
        53
      ],
      "more_info": "https://bandit.readthedocs.io/en/1.8.3/blacklists/blacklist_calls.html#b311-random",
      "test_id": "B311",
      "test_name": "blacklist"
    },
    {
      "code": "53             'obstructive_apneas': random.randint(0, 10),\n54             'hypopneas': random.randint(0, 15),\n55             'created_at': datetime.utcnow().isoformat()\n",
      "col_offset": 25,
      "end_col_offset": 46,
      "filename": "backend/app/api/endpoints/sessions.py",
      "issue_confidence": "HIGH",
      "issue_cwe": {
        "id": 330,
        "link": "https://cwe.mitre.org/data/definitions/330.html"
      },
      "issue_severity": "LOW",
      "issue_text": "Standard pseudo-random generators are not suitable for security/cryptographic purposes.",
      "line_number": 54,
      "line_range": [
        54
      ],
      "more_info": "https://bandit.readthedocs.io/en/1.8.3/blacklists/blacklist_calls.html#b311-random",
      "test_id": "B311",
      "test_name": "blacklist"
    },
    {
      "code": "96         session_date = date.today() - timedelta(days=i)\n97         duration_hours = round(random.uniform(6.0, 9.0), 1)\n98         ahi = round(random.uniform(2.0, 8.0), 1)\n",
      "col_offset": 31,
      "end_col_offset": 55,
      "filename": "backend/app/api/endpoints/sessions.py",
      "issue_confidence": "HIGH",
      "issue_cwe": {
        "id": 330,
        "link": "https://cwe.mitre.org/data/definitions/330.html"
      },
      "issue_severity": "LOW",
      "issue_text": "Standard pseudo-random generators are not suitable for security/cryptographic purposes.",
      "line_number": 97,
      "line_range": [
        97
      ],
      "more_info": "https://bandit.readthedocs.io/en/1.8.3/blacklists/blacklist_calls.html#b311-random",
      "test_id": "B311",
      "test_name": "blacklist"
    },
    {
      "code": "97         duration_hours = round(random.uniform(6.0, 9.0), 1)\n98         ahi = round(random.uniform(2.0, 8.0), 1)\n99         quality_score = round(random.uniform(75.0, 95.0), 1)\n",
      "col_offset": 20,
      "end_col_offset": 44,
      "filename": "backend/app/api/endpoints/sessions.py",
      "issue_confidence": "HIGH",
      "issue_cwe": {
        "id": 330,
        "link": "https://cwe.mitre.org/data/definitions/330.html"
      },
      "issue_severity": "LOW",
      "issue_text": "Standard pseudo-random generators are not suitable for security/cryptographic purposes.",
      "line_number": 98,
      "line_range": [
        98
      ],
      "more_info": "https://bandit.readthedocs.io/en/1.8.3/blacklists/blacklist_calls.html#b311-random",
      "test_id": "B311",
      "test_name": "blacklist"
    },
    {
      "code": "98         ahi = round(random.uniform(2.0, 8.0), 1)\n99         quality_score = round(random.uniform(75.0, 95.0), 1)\n100         \n",
      "col_offset": 30,
      "end_col_offset": 56,
      "filename": "backend/app/api/endpoints/sessions.py",
      "issue_confidence": "HIGH",
      "issue_cwe": {
        "id": 330,
        "link": "https://cwe.mitre.org/data/definitions/330.html"
      },
      "issue_severity": "LOW",
      "issue_text": "Standard pseudo-random generators are not suitable for security/cryptographic purposes.",
      "line_number": 99,
      "line_range": [
        99
      ],
      "more_info": "https://bandit.readthedocs.io/en/1.8.3/blacklists/blacklist_calls.html#b311-random",
      "test_id": "B311",
      "test_name": "blacklist"
    },
    {
      "code": "106             'ahi': ahi,\n107             'mask_leak': round(random.uniform(0.5, 15.0), 1),\n108             'pressure_avg': round(random.uniform(10.0, 15.0), 1),\n",
      "col_offset": 31,
      "end_col_offset": 56,
      "filename": "backend/app/api/endpoints/sessions.py",
      "issue_confidence": "HIGH",
      "issue_cwe": {
        "id": 330,
        "link": "https://cwe.mitre.org/data/definitions/330.html"
      },
      "issue_severity": "LOW",
      "issue_text": "Standard pseudo-random generators are not suitable for security/cryptographic purposes.",
      "line_number": 107,
      "line_range": [
        107
      ],
      "more_info": "https://bandit.readthedocs.io/en/1.8.3/blacklists/blacklist_calls.html#b311-random",
      "test_id": "B311",
      "test_name": "blacklist"
    },
    {
      "code": "107             'mask_leak': round(random.uniform(0.5, 15.0), 1),\n108             'pressure_avg': round(random.uniform(10.0, 15.0), 1),\n109             'pressure_95': round(random.uniform(12.0, 17.0), 1),\n",
      "col_offset": 34,
      "end_col_offset": 60,
      "filename": "backend/app/api/endpoints/sessions.py",
      "issue_confidence": "HIGH",
      "issue_cwe": {
        "id": 330,
        "link": "https://cwe.mitre.org/data/definitions/330.html"
      },
      "issue_severity": "LOW",
      "issue_text": "Standard pseudo-random generators are not suitable for security/cryptographic purposes.",
      "line_number": 108,
      "line_range": [
        108
      ],
      "more_info": "https://bandit.readthedocs.io/en/1.8.3/blacklists/blacklist_calls.html#b311-random",
      "test_id": "B311",
      "test_name": "blacklist"
    },
    {
      "code": "108             'pressure_avg': round(random.uniform(10.0, 15.0), 1),\n109             'pressure_95': round(random.uniform(12.0, 17.0), 1),\n110             'quality_score': quality_score,\n",
      "col_offset": 33,
      "end_col_offset": 59,
      "filename": "backend/app/api/endpoints/sessions.py",
      "issue_confidence": "HIGH",
      "issue_cwe": {
        "id": 330,
        "link": "https://cwe.mitre.org/data/definitions/330.html"
      },
      "issue_severity": "LOW",
      "issue_text": "Standard pseudo-random generators are not suitable for security/cryptographic purposes.",
      "line_number": 109,
      "line_range": [
        109
      ],
      "more_info": "https://bandit.readthedocs.io/en/1.8.3/blacklists/blacklist_calls.html#b311-random",
      "test_id": "B311",
      "test_name": "blacklist"
    },
    {
      "code": "110             'quality_score': quality_score,\n111             'central_apneas': random.randint(0, 5),\n112             'obstructive_apneas': random.randint(0, 10),\n",
      "col_offset": 30,
      "end_col_offset": 50,
      "filename": "backend/app/api/endpoints/sessions.py",
      "issue_confidence": "HIGH",
      "issue_cwe": {
        "id": 330,
        "link": "https://cwe.mitre.org/data/definitions/330.html"
      },
      "issue_severity": "LOW",
      "issue_text": "Standard pseudo-random generators are not suitable for security/cryptographic purposes.",
      "line_number": 111,
      "line_range": [
        111
      ],
      "more_info": "https://bandit.readthedocs.io/en/1.8.3/blacklists/blacklist_calls.html#b311-random",
      "test_id": "B311",
      "test_name": "blacklist"
    },
    {
      "code": "111             'central_apneas': random.randint(0, 5),\n112             'obstructive_apneas': random.randint(0, 10),\n113             'hypopneas': random.randint(0, 15),\n",
      "col_offset": 34,
      "end_col_offset": 55,
      "filename": "backend/app/api/endpoints/sessions.py",
      "issue_confidence": "HIGH",
      "issue_cwe": {
        "id": 330,
        "link": "https://cwe.mitre.org/data/definitions/330.html"
      },
      "issue_severity": "LOW",
      "issue_text": "Standard pseudo-random generators are not suitable for security/cryptographic purposes.",
      "line_number": 112,
      "line_range": [
        112
      ],
      "more_info": "https://bandit.readthedocs.io/en/1.8.3/blacklists/blacklist_calls.html#b311-random",
      "test_id": "B311",
      "test_name": "blacklist"
    },
    {
      "code": "112             'obstructive_apneas': random.randint(0, 10),\n113             'hypopneas': random.randint(0, 15),\n114             'created_at': datetime.utcnow().isoformat()\n",
      "col_offset": 25,
      "end_col_offset": 46,
      "filename": "backend/app/api/endpoints/sessions.py",
      "issue_confidence": "HIGH",
      "issue_cwe": {
        "id": 330,
        "link": "https://cwe.mitre.org/data/definitions/330.html"
      },
      "issue_severity": "LOW",
      "issue_text": "Standard pseudo-random generators are not suitable for security/cryptographic purposes.",
      "line_number": 113,
      "line_range": [
        113
      ],
      "more_info": "https://bandit.readthedocs.io/en/1.8.3/blacklists/blacklist_calls.html#b311-random",
      "test_id": "B311",
      "test_name": "blacklist"
    },
    {
      "code": "31         session_date = date.today() - timedelta(days=i)\n32         duration_hours = round(random.uniform(6.0, 9.0), 1)\n33         ahi = round(random.uniform(2.0, 8.0), 1)\n",
      "col_offset": 31,
      "end_col_offset": 55,
      "filename": "backend/app/api/endpoints/sessions_mock.py",
      "issue_confidence": "HIGH",
      "issue_cwe": {
        "id": 330,
        "link": "https://cwe.mitre.org/data/definitions/330.html"
      },
      "issue_severity": "LOW",
      "issue_text": "Standard pseudo-random generators are not suitable for security/cryptographic purposes.",
      "line_number": 32,
      "line_range": [
        32
      ],
      "more_info": "https://bandit.readthedocs.io/en/1.8.3/blacklists/blacklist_calls.html#b311-random",
      "test_id": "B311",
      "test_name": "blacklist"
    },
    {
      "code": "32         duration_hours = round(random.uniform(6.0, 9.0), 1)\n33         ahi = round(random.uniform(2.0, 8.0), 1)\n34         quality_score = round(random.uniform(75.0, 95.0), 1)\n",
      "col_offset": 20,
      "end_col_offset": 44,
      "filename": "backend/app/api/endpoints/sessions_mock.py",
      "issue_confidence": "HIGH",
      "issue_cwe": {
        "id": 330,
        "link": "https://cwe.mitre.org/data/definitions/330.html"
      },
      "issue_severity": "LOW",
      "issue_text": "Standard pseudo-random generators are not suitable for security/cryptographic purposes.",
      "line_number": 33,
      "line_range": [
        33
      ],
      "more_info": "https://bandit.readthedocs.io/en/1.8.3/blacklists/blacklist_calls.html#b311-random",
      "test_id": "B311",
      "test_name": "blacklist"
    },
    {
      "code": "33         ahi = round(random.uniform(2.0, 8.0), 1)\n34         quality_score = round(random.uniform(75.0, 95.0), 1)\n35         \n",
      "col_offset": 30,
      "end_col_offset": 56,
      "filename": "backend/app/api/endpoints/sessions_mock.py",
      "issue_confidence": "HIGH",
      "issue_cwe": {
        "id": 330,
        "link": "https://cwe.mitre.org/data/definitions/330.html"
      },
      "issue_severity": "LOW",
      "issue_text": "Standard pseudo-random generators are not suitable for security/cryptographic purposes.",
      "line_number": 34,
      "line_range": [
        34
      ],
      "more_info": "https://bandit.readthedocs.io/en/1.8.3/blacklists/blacklist_calls.html#b311-random",
      "test_id": "B311",
      "test_name": "blacklist"
    },
    {
      "code": "41             'ahi': ahi,\n42             'mask_leak': round(random.uniform(0.5, 15.0), 1),\n43             'pressure_avg': round(random.uniform(10.0, 15.0), 1),\n",
      "col_offset": 31,
      "end_col_offset": 56,
      "filename": "backend/app/api/endpoints/sessions_mock.py",
      "issue_confidence": "HIGH",
      "issue_cwe": {
        "id": 330,
        "link": "https://cwe.mitre.org/data/definitions/330.html"
      },
      "issue_severity": "LOW",
      "issue_text": "Standard pseudo-random generators are not suitable for security/cryptographic purposes.",
      "line_number": 42,
      "line_range": [
        42
      ],
      "more_info": "https://bandit.readthedocs.io/en/1.8.3/blacklists/blacklist_calls.html#b311-random",
      "test_id": "B311",
      "test_name": "blacklist"
    },
    {
      "code": "42             'mask_leak': round(random.uniform(0.5, 15.0), 1),\n43             'pressure_avg': round(random.uniform(10.0, 15.0), 1),\n44             'pressure_95': round(random.uniform(12.0, 17.0), 1),\n",
      "col_offset": 34,
      "end_col_offset": 60,
      "filename": "backend/app/api/endpoints/sessions_mock.py",
      "issue_confidence": "HIGH",
      "issue_cwe": {
        "id": 330,
        "link": "https://cwe.mitre.org/data/definitions/330.html"
      },
      "issue_severity": "LOW",
      "issue_text": "Standard pseudo-random generators are not suitable for security/cryptographic purposes.",
      "line_number": 43,
      "line_range": [
        43
      ],
      "more_info": "https://bandit.readthedocs.io/en/1.8.3/blacklists/blacklist_calls.html#b311-random",
      "test_id": "B311",
      "test_name": "blacklist"
    },
    {
      "code": "43             'pressure_avg': round(random.uniform(10.0, 15.0), 1),\n44             'pressure_95': round(random.uniform(12.0, 17.0), 1),\n45             'quality_score': quality_score,\n",
      "col_offset": 33,
      "end_col_offset": 59,
      "filename": "backend/app/api/endpoints/sessions_mock.py",
      "issue_confidence": "HIGH",
      "issue_cwe": {
        "id": 330,
        "link": "https://cwe.mitre.org/data/definitions/330.html"
      },
      "issue_severity": "LOW",
      "issue_text": "Standard pseudo-random generators are not suitable for security/cryptographic purposes.",
      "line_number": 44,
      "line_range": [
        44
      ],
      "more_info": "https://bandit.readthedocs.io/en/1.8.3/blacklists/blacklist_calls.html#b311-random",
      "test_id": "B311",
      "test_name": "blacklist"
    },
    {
      "code": "45             'quality_score': quality_score,\n46             'central_apneas': random.randint(0, 5),\n47             'obstructive_apneas': random.randint(0, 10),\n",
      "col_offset": 30,
      "end_col_offset": 50,
      "filename": "backend/app/api/endpoints/sessions_mock.py",
      "issue_confidence": "HIGH",
      "issue_cwe": {
        "id": 330,
        "link": "https://cwe.mitre.org/data/definitions/330.html"
      },
      "issue_severity": "LOW",
      "issue_text": "Standard pseudo-random generators are not suitable for security/cryptographic purposes.",
      "line_number": 46,
      "line_range": [
        46
      ],
      "more_info": "https://bandit.readthedocs.io/en/1.8.3/blacklists/blacklist_calls.html#b311-random",
      "test_id": "B311",
      "test_name": "blacklist"
    },
    {
      "code": "46             'central_apneas': random.randint(0, 5),\n47             'obstructive_apneas': random.randint(0, 10),\n48             'hypopneas': random.randint(0, 15),\n",
      "col_offset": 34,
      "end_col_offset": 55,
      "filename": "backend/app/api/endpoints/sessions_mock.py",
      "issue_confidence": "HIGH",
      "issue_cwe": {
        "id": 330,
        "link": "https://cwe.mitre.org/data/definitions/330.html"
      },
      "issue_severity": "LOW",
      "issue_text": "Standard pseudo-random generators are not suitable for security/cryptographic purposes.",
      "line_number": 47,
      "line_range": [
        47
      ],
      "more_info": "https://bandit.readthedocs.io/en/1.8.3/blacklists/blacklist_calls.html#b311-random",
      "test_id": "B311",
      "test_name": "blacklist"
    },
    {
      "code": "47             'obstructive_apneas': random.randint(0, 10),\n48             'hypopneas': random.randint(0, 15),\n49             'created_at': datetime.utcnow().isoformat()\n",
      "col_offset": 25,
      "end_col_offset": 46,
      "filename": "backend/app/api/endpoints/sessions_mock.py",
      "issue_confidence": "HIGH",
      "issue_cwe": {
        "id": 330,
        "link": "https://cwe.mitre.org/data/definitions/330.html"
      },
      "issue_severity": "LOW",
      "issue_text": "Standard pseudo-random generators are not suitable for security/cryptographic purposes.",
      "line_number": 48,
      "line_range": [
        48
      ],
      "more_info": "https://bandit.readthedocs.io/en/1.8.3/blacklists/blacklist_calls.html#b311-random",
      "test_id": "B311",
      "test_name": "blacklist"
    },
    {
      "code": "74             # Create realistic but varying data\n75             duration_hours = round(random.uniform(6.0, 9.0), 1)  # 6-9 hours\n76             duration_minutes = duration_hours * 60\n",
      "col_offset": 35,
      "end_col_offset": 59,
      "filename": "backend/app/init_db.py",
      "issue_confidence": "HIGH",
      "issue_cwe": {
        "id": 330,
        "link": "https://cwe.mitre.org/data/definitions/330.html"
      },
      "issue_severity": "LOW",
      "issue_text": "Standard pseudo-random generators are not suitable for security/cryptographic purposes.",
      "line_number": 75,
      "line_range": [
        75
      ],
      "more_info": "https://bandit.readthedocs.io/en/1.8.3/blacklists/blacklist_calls.html#b311-random",
      "test_id": "B311",
      "test_name": "blacklist"
    },
    {
      "code": "76             duration_minutes = duration_hours * 60\n77             ahi = round(random.uniform(1.5, 8.0), 1)       # 1.5-8.0 AHI\n78             leak_95 = round(random.uniform(0.5, 15.0), 1)     # 0.5-15 L/min leak\n",
      "col_offset": 24,
      "end_col_offset": 48,
      "filename": "backend/app/init_db.py",
      "issue_confidence": "HIGH",
      "issue_cwe": {
        "id": 330,
        "link": "https://cwe.mitre.org/data/definitions/330.html"
      },
      "issue_severity": "LOW",
      "issue_text": "Standard pseudo-random generators are not suitable for security/cryptographic purposes.",
      "line_number": 77,
      "line_range": [
        77
      ],
      "more_info": "https://bandit.readthedocs.io/en/1.8.3/blacklists/blacklist_calls.html#b311-random",
      "test_id": "B311",
      "test_name": "blacklist"
    },
    {
      "code": "77             ahi = round(random.uniform(1.5, 8.0), 1)       # 1.5-8.0 AHI\n78             leak_95 = round(random.uniform(0.5, 15.0), 1)     # 0.5-15 L/min leak\n79             pressure_avg = round(random.uniform(10.0, 15.0), 1) # 10-15 cmH2O\n",
      "col_offset": 28,
      "end_col_offset": 53,
      "filename": "backend/app/init_db.py",
      "issue_confidence": "HIGH",
      "issue_cwe": {
        "id": 330,
        "link": "https://cwe.mitre.org/data/definitions/330.html"
      },
      "issue_severity": "LOW",
      "issue_text": "Standard pseudo-random generators are not suitable for security/cryptographic purposes.",
      "line_number": 78,
      "line_range": [
        78
      ],
      "more_info": "https://bandit.readthedocs.io/en/1.8.3/blacklists/blacklist_calls.html#b311-random",
      "test_id": "B311",
      "test_name": "blacklist"
    },
    {
      "code": "78             leak_95 = round(random.uniform(0.5, 15.0), 1)     # 0.5-15 L/min leak\n79             pressure_avg = round(random.uniform(10.0, 15.0), 1) # 10-15 cmH2O\n80             pressure_95 = pressure_avg + random.uniform(0.5, 2.0)\n",
      "col_offset": 33,
      "end_col_offset": 59,
      "filename": "backend/app/init_db.py",
      "issue_confidence": "HIGH",
      "issue_cwe": {
        "id": 330,
        "link": "https://cwe.mitre.org/data/definitions/330.html"
      },
      "issue_severity": "LOW",
      "issue_text": "Standard pseudo-random generators are not suitable for security/cryptographic purposes.",
      "line_number": 79,
      "line_range": [
        79
      ],
      "more_info": "https://bandit.readthedocs.io/en/1.8.3/blacklists/blacklist_calls.html#b311-random",
      "test_id": "B311",
      "test_name": "blacklist"
    },
    {
      "code": "79             pressure_avg = round(random.uniform(10.0, 15.0), 1) # 10-15 cmH2O\n80             pressure_95 = pressure_avg + random.uniform(0.5, 2.0)\n81             \n",
      "col_offset": 41,
      "end_col_offset": 65,
      "filename": "backend/app/init_db.py",
      "issue_confidence": "HIGH",
      "issue_cwe": {
        "id": 330,
        "link": "https://cwe.mitre.org/data/definitions/330.html"
      },
      "issue_severity": "LOW",
      "issue_text": "Standard pseudo-random generators are not suitable for security/cryptographic purposes.",
      "line_number": 80,
      "line_range": [
        80
      ],
      "more_info": "https://bandit.readthedocs.io/en/1.8.3/blacklists/blacklist_calls.html#b311-random",
      "test_id": "B311",
      "test_name": "blacklist"
    },
    {
      "code": "92                 pressure_95=pressure_95,\n93                 pressure_min=pressure_avg - random.uniform(1.0, 3.0),\n94                 pressure_max=pressure_95 + random.uniform(0.5, 1.5),\n",
      "col_offset": 44,
      "end_col_offset": 68,
      "filename": "backend/app/init_db.py",
      "issue_confidence": "HIGH",
      "issue_cwe": {
        "id": 330,
        "link": "https://cwe.mitre.org/data/definitions/330.html"
      },
      "issue_severity": "LOW",
      "issue_text": "Standard pseudo-random generators are not suitable for security/cryptographic purposes.",
      "line_number": 93,
      "line_range": [
        93
      ],
      "more_info": "https://bandit.readthedocs.io/en/1.8.3/blacklists/blacklist_calls.html#b311-random",
      "test_id": "B311",
      "test_name": "blacklist"
    },
    {
      "code": "93                 pressure_min=pressure_avg - random.uniform(1.0, 3.0),\n94                 pressure_max=pressure_95 + random.uniform(0.5, 1.5),\n95                 central_apneas=random.randint(0, 5),\n",
      "col_offset": 43,
      "end_col_offset": 67,
      "filename": "backend/app/init_db.py",
      "issue_confidence": "HIGH",
      "issue_cwe": {
        "id": 330,
        "link": "https://cwe.mitre.org/data/definitions/330.html"
      },
      "issue_severity": "LOW",
      "issue_text": "Standard pseudo-random generators are not suitable for security/cryptographic purposes.",
      "line_number": 94,
      "line_range": [
        94
      ],
      "more_info": "https://bandit.readthedocs.io/en/1.8.3/blacklists/blacklist_calls.html#b311-random",
      "test_id": "B311",
      "test_name": "blacklist"
    },
    {
      "code": "94                 pressure_max=pressure_95 + random.uniform(0.5, 1.5),\n95                 central_apneas=random.randint(0, 5),\n96                 obstructive_apneas=random.randint(0, 10),\n",
      "col_offset": 31,
      "end_col_offset": 51,
      "filename": "backend/app/init_db.py",
      "issue_confidence": "HIGH",
      "issue_cwe": {
        "id": 330,
        "link": "https://cwe.mitre.org/data/definitions/330.html"
      },
      "issue_severity": "LOW",
      "issue_text": "Standard pseudo-random generators are not suitable for security/cryptographic purposes.",
      "line_number": 95,
      "line_range": [
        95
      ],
      "more_info": "https://bandit.readthedocs.io/en/1.8.3/blacklists/blacklist_calls.html#b311-random",
      "test_id": "B311",
      "test_name": "blacklist"
    },
    {
      "code": "95                 central_apneas=random.randint(0, 5),\n96                 obstructive_apneas=random.randint(0, 10),\n97                 hypopneas=random.randint(0, 15),\n",
      "col_offset": 35,
      "end_col_offset": 56,
      "filename": "backend/app/init_db.py",
      "issue_confidence": "HIGH",
      "issue_cwe": {
        "id": 330,
        "link": "https://cwe.mitre.org/data/definitions/330.html"
      },
      "issue_severity": "LOW",
      "issue_text": "Standard pseudo-random generators are not suitable for security/cryptographic purposes.",
      "line_number": 96,
      "line_range": [
        96
      ],
      "more_info": "https://bandit.readthedocs.io/en/1.8.3/blacklists/blacklist_calls.html#b311-random",
      "test_id": "B311",
      "test_name": "blacklist"
    },
    {
      "code": "96                 obstructive_apneas=random.randint(0, 10),\n97                 hypopneas=random.randint(0, 15),\n98                 total_apneas=random.randint(5, 25)\n",
      "col_offset": 26,
      "end_col_offset": 47,
      "filename": "backend/app/init_db.py",
      "issue_confidence": "HIGH",
      "issue_cwe": {
        "id": 330,
        "link": "https://cwe.mitre.org/data/definitions/330.html"
      },
      "issue_severity": "LOW",
      "issue_text": "Standard pseudo-random generators are not suitable for security/cryptographic purposes.",
      "line_number": 97,
      "line_range": [
        97
      ],
      "more_info": "https://bandit.readthedocs.io/en/1.8.3/blacklists/blacklist_calls.html#b311-random",
      "test_id": "B311",
      "test_name": "blacklist"
    },
    {
      "code": "97                 hypopneas=random.randint(0, 15),\n98                 total_apneas=random.randint(5, 25)\n99             )\n",
      "col_offset": 29,
      "end_col_offset": 50,
      "filename": "backend/app/init_db.py",
      "issue_confidence": "HIGH",
      "issue_cwe": {
        "id": 330,
        "link": "https://cwe.mitre.org/data/definitions/330.html"
      },
      "issue_severity": "LOW",
      "issue_text": "Standard pseudo-random generators are not suitable for security/cryptographic purposes.",
      "line_number": 98,
      "line_range": [
        98
      ],
      "more_info": "https://bandit.readthedocs.io/en/1.8.3/blacklists/blacklist_calls.html#b311-random",
      "test_id": "B311",
      "test_name": "blacklist"
    },
    {
      "code": "78         \"app.main:app\",\n79         host=\"0.0.0.0\",\n80         port=5000,\n",
      "col_offset": 13,
      "end_col_offset": 22,
      "filename": "backend/app/main.py",
      "issue_confidence": "MEDIUM",
      "issue_cwe": {
        "id": 605,
        "link": "https://cwe.mitre.org/data/definitions/605.html"
      },
      "issue_severity": "MEDIUM",
      "issue_text": "Possible binding to all interfaces.",
      "line_number": 79,
      "line_range": [
        79
      ],
      "more_info": "https://bandit.readthedocs.io/en/1.8.3/plugins/b104_hardcoded_bind_all_interfaces.html",
      "test_id": "B104",
      "test_name": "hardcoded_bind_all_interfaces"
    }
  ]
}